{
  "project_info": {
    "project_number": "385710860410",
    "firebase_url": "https://facepolygon-1e58e.firebaseio.com",
    "project_id": "facepolygon-1e58e",
    "storage_bucket": "facepolygon-1e58e.appspot.com"
  },
  "client": [
    {
      "client_info": {
        "mobilesdk_app_id": "1:385710860410:android:c8d4b7a82cc0b46f",
        "android_client_info": {
          "package_name": "app.facepolygon.com.facepolygon"
        }
      },
      "oauth_client": [
        {
          "client_id": "385710860410-nbhu68dde671huda9gqj188f923m83je.apps.googleusercontent.com",
          "client_type": 1,
          "android_info": {
            "package_name": "app.facepolygon.com.facepolygon",
            "certificate_hash": "65F60D76DAD467795FECA8DC3343FE65099B3F16"
          }
        },
        {
          "client_id": "385710860410-tr24mht45s4p3t7qmqdnolgq86g2dh1o.apps.googleusercontent.com",
          "client_type": 3
        }
      ],
      "api_key": [
        {
          "current_key": "AIzaSyC_QaMEhqepdqoK0INRsqjAp7rOJS1dXeo"
        }
      ],
      "services": {
        "analytics_service": {
          "status": 1
        },
        "appinvite_service": {
          "status": 2,
          "other_platform_oauth_client": [
            {
              "client_id": "385710860410-tr24mht45s4p3t7qmqdnolgq86g2dh1o.apps.googleusercontent.com",
              "client_type": 3
            }
          ]
        },
        "ads_service": {
          "status": 2
        }
      }
    }
  ],
  "configuration_version": "1"
}